1, 0.79139, 0.0991405, 0.784283, -0.000312611, 0.881514, 0.366529, 0.784283, -0.000312611, 0.791346, 0.0988325, 0.784283, -0.000312611, 0.881368, 0.366244, 0.784283, -0.000625227, 0.0146643, -0.159929, 4.60878e-05, -0.159929, -0.0465461, -0.159937, -4.60878e-05, -0.159929, 5e-05, 0, 0.159931, 5e-05, 0, 0.159931, 0.2221, 0.2, 0.159931, 0.2221, -0.2, 0.159931, -0.2219, -0.2, 0.159931, 0.2221, 0.2, 0.159931, 0.2221, -0.2, 0.159931, -0.2219, -0.2, 0.159931, 0, 1, 0, 0, 0.300167, 0.800167, 0.000166667, 0.500167, 
2, 0.79139, 0.0991405, 0.784283, -0.000312611, 0.881514, 0.366529, 0.784283, -0.000312611, 0.791346, 0.0988325, 0.784283, -0.000312611, 0.881368, 0.366244, 0.784283, -0.000625227, 0.0146643, -0.159929, 4.60878e-05, -0.159929, -0.0465461, -0.159937, -4.60878e-05, -0.159929, 5e-05, 0, 0.159931, 5e-05, 0, 0.159931, 0.22215, 0.2, 0.159931, 0.22215, -0.2, 0.159931, -0.22185, -0.2, 0.159931, 0.22215, 0.2, 0.159931, 0.22215, -0.2, 0.159931, -0.22185, -0.2, 0.159931, 0, 1, 0, 0, 0.300333, 0.800333, 0.000333333, 0.500333, 
3, 0.79139, 0.0991405, 0.784283, -0.000312611, 0.881514, 0.366529, 0.784283, -0.000312611, 0.791346, 0.0988325, 0.784283, -0.000312611, 0.881368, 0.366244, 0.784283, -0.000625227, 0.0146643, -0.159929, 4.60878e-05, -0.159929, -0.0465461, -0.159937, -4.60878e-05, -0.159929, 5e-05, 0, 0.159931, 5e-05, 0, 0.159931, 0.2222, 0.2, 0.159931, 0.2222, -0.2, 0.159931, -0.2218, -0.2, 0.159931, 0.2222, 0.2, 0.159931, 0.2222, -0.2, 0.159931, -0.2218, -0.2, 0.159931, 0, 1, 0, 0, 0.3005, 0.8005, 0.0005, 0.5005, 
4, 0.79139, 0.0991405, 0.784283, -0.000312611, 0.881514, 0.366529, 0.784283, -0.000312611, 0.791346, 0.0988325, 0.784283, -0.000312611, 0.881368, 0.366244, 0.784283, -0.000625227, 0.0146643, -0.159929, 4.60878e-05, -0.159929, -0.0465461, -0.159937, -4.60878e-05, -0.159929, 5e-05, 0, 0.159931, 5e-05, 0, 0.159931, 0.22225, 0.2, 0.159931, 0.22225, -0.2, 0.159931, -0.22175, -0.2, 0.159931, 0.22225, 0.2, 0.159931, 0.22225, -0.2, 0.159931, -0.22175, -0.2, 0.159931, 0, 1, 0, 0, 0.300667, 0.800667, 0.000666667, 0.500667, 
5, 0.79139, 0.0991405, 0.784283, -0.000312611, 0.881514, 0.366529, 0.784283, -0.000312611, 0.791346, 0.0988325, 0.784283, -0.000312611, 0.881368, 0.366244, 0.784283, -0.000625227, 0.0146643, -0.159929, 4.60878e-05, -0.159929, -0.0465461, -0.159937, -4.60878e-05, -0.159929, 5e-05, 0, 0.159931, 5e-05, 0, 0.159931, 0.2223, 0.2, 0.159931, 0.2223, -0.2, 0.159931, -0.2217, -0.2, 0.159931, 0.2223, 0.2, 0.159931, 0.2223, -0.2, 0.159931, -0.2217, -0.2, 0.159931, 0, 1, 0, 0, 0.300833, 0.800833, 0.000833333, 0.500833, 
6, 0.79139, 0.0991405, 0.784283, -0.000312611, 0.881514, 0.366529, 0.784283, -0.000312611, 0.791346, 0.0988325, 0.784283, -0.000312611, 0.881368, 0.366244, 0.784283, -0.000625227, 0.0146643, -0.159929, 4.60878e-05, -0.159929, -0.0465461, -0.159937, -4.60878e-05, -0.159929, 5e-05, 0, 0.159931, 5e-05, 0, 0.159931, 0.22235, 0.2, 0.159931, 0.22235, -0.2, 0.159931, -0.22165, -0.2, 0.159931, 0.22235, 0.2, 0.159931, 0.22235, -0.2, 0.159931, -0.22165, -0.2, 0.159931, 0, 1, 0, 0, 0.301, 0.801, 0.001, 0.501, 
7, 0.79139, 0.0991405, 0.784283, -0.000312611, 0.881514, 0.366529, 0.784283, -0.000312611, 0.791346, 0.0988325, 0.784283, -0.000312611, 0.881368, 0.366244, 0.784283, -0.000625227, 0.0146643, -0.159929, 4.60878e-05, -0.159929, -0.0465461, -0.159937, -4.60878e-05, -0.159929, 5e-05, 0, 0.159931, 5e-05, 0, 0.159931, 0.2224, 0.2, 0.159931, 0.2224, -0.2, 0.159931, -0.2216, -0.2, 0.159931, 0.2224, 0.2, 0.159931, 0.2224, -0.2, 0.159931, -0.2216, -0.2, 0.159931, 0, 1, 0, 0, 0.301167, 0.801167, 0.00116667, 0.501167, 
8, 0.79139, 0.0991405, 0.784283, -0.000312611, 0.881514, 0.366529, 0.784283, -0.000312611, 0.791346, 0.0988325, 0.784283, -0.000312611, 0.881368, 0.366244, 0.784283, -0.000625227, 0.0146643, -0.159929, 4.60878e-05, -0.159929, -0.0465461, -0.159937, -4.60878e-05, -0.159929, 5e-05, 0, 0.159931, 5e-05, 0, 0.159931, 0.22245, 0.2, 0.159931, 0.22245, -0.2, 0.159931, -0.22155, -0.2, 0.159931, 0.22245, 0.2, 0.159931, 0.22245, -0.2, 0.159931, -0.22155, -0.2, 0.159931, 0, 1, 0, 0, 0.301333, 0.801333, 0.00133333, 0.501333, 
9, 0.79139, 0.0991405, 0.784283, -0.000312611, 0.881514, 0.366529, 0.784283, -0.000312611, 0.791346, 0.0988325, 0.784283, -0.000312611, 0.881368, 0.366244, 0.784283, -0.000625227, 0.0146643, -0.159929, 4.60878e-05, -0.159929, -0.0465461, -0.159937, -4.60878e-05, -0.159929, 5e-05, 0, 0.159931, 5e-05, 0, 0.159931, 0.2225, 0.2, 0.159931, 0.2225, -0.2, 0.159931, -0.2215, -0.2, 0.159931, 0.2225, 0.2, 0.159931, 0.2225, -0.2, 0.159931, -0.2215, -0.2, 0.159931, 0, 1, 0, 0, 0.3015, 0.8015, 0.0015, 0.5015, 
10, 0.79139, 0.0991405, 0.784283, -0.000312611, 0.881514, 0.366529, 0.784283, -0.000312611, 0.791346, 0.0988325, 0.784283, -0.000312611, 0.881368, 0.366244, 0.784283, -0.000625227, 0.0146643, -0.159929, 4.60878e-05, -0.159929, -0.0465461, -0.159937, -4.60878e-05, -0.159929, 5e-05, 0, 0.159931, 5e-05, 0, 0.159931, 0.22255, 0.2, 0.159931, 0.22255, -0.2, 0.159931, -0.22145, -0.2, 0.159931, 0.22255, 0.2, 0.159931, 0.22255, -0.2, 0.159931, -0.22145, -0.2, 0.159931, 0, 1, 0, 0, 0.301667, 0.801667, 0.00166667, 0.501667, 
11, 0.79139, 0.0991405, 0.784283, -0.000312611, 0.881514, 0.366529, 0.784283, -0.000312611, 0.791346, 0.0988325, 0.784283, -0.000312611, 0.881368, 0.366244, 0.784283, -0.000625227, 0.0146643, -0.159929, 4.60878e-05, -0.159929, -0.0465461, -0.159937, -4.60878e-05, -0.159929, 5e-05, 0, 0.159931, 5e-05, 0, 0.159931, 0.2226, 0.2, 0.159931, 0.2226, -0.2, 0.159931, -0.2214, -0.2, 0.159931, 0.2226, 0.2, 0.159931, 0.2226, -0.2, 0.159931, -0.2214, -0.2, 0.159931, 0, 1, 0, 0, 0.301833, 0.801833, 0.00183333, 0.501833, 
12, 0.79139, 0.0991405, 0.784283, -0.000312611, 0.881514, 0.366529, 0.784283, -0.000312611, 0.791346, 0.0988325, 0.784283, -0.000312611, 0.881368, 0.366244, 0.784283, -0.000625227, 0.0146643, -0.159929, 4.60878e-05, -0.159929, -0.0465461, -0.159937, -4.60878e-05, -0.159929, 5e-05, 0, 0.159931, 5e-05, 0, 0.159931, 0.22265, 0.2, 0.159931, 0.22265, -0.2, 0.159931, -0.22135, -0.2, 0.159931, 0.22265, 0.2, 0.159931, 0.22265, -0.2, 0.159931, -0.22135, -0.2, 0.159931, 0, 1, 0, 0, 0.302, 0.802, 0.002, 0.502, 
13, 0.79139, 0.0991405, 0.784283, -0.000312611, 0.881514, 0.366529, 0.784283, -0.000312611, 0.791346, 0.0988325, 0.778894, -0.0181024, 0.881368, 0.366244, 0.784283, -0.000625227, 0.0146643, -0.159929, 4.60878e-05, -0.159929, -0.0465461, -0.159937, -4.60878e-05, -0.159929, 5e-05, 0, 0.159931, 5e-05, 0, 0.159931, 0.2227, 0.2, 0.159931, 0.2227, -0.2, 0.159931, -0.2213, -0.2, 0.159931, 0.2227, 0.2, 0.159931, 0.2227, -0.2, 0.159931, -0.2213, -0.2, 0.159931, 0, 1, 0, 0, 0.302167, 0.802167, 0.00216667, 0.502167, 
14, 0.79139, 0.0991405, 0.784283, -0.000312611, 0.881514, 0.366529, 0.784283, -0.000312611, 0.791346, 0.0988325, 0.778894, -0.0181024, 0.881368, 0.366244, 0.784283, -0.000625227, 0.0146643, -0.159929, 4.60878e-05, -0.159929, -0.0465461, -0.159937, -4.60878e-05, -0.159929, 5e-05, 0, 0.159931, 5e-05, 0, 0.159931, 0.22275, 0.2, 0.159931, 0.22275, -0.2, 0.159931, -0.22125, -0.2, 0.159931, 0.22275, 0.2, 0.159931, 0.22275, -0.2, 0.159931, -0.22125, -0.2, 0.159931, 0, 1, 0, 0, 0.302333, 0.802333, 0.00233333, 0.502333, 
15, 0.79139, 0.0991405, 0.784283, -0.000312611, 0.881514, 0.366529, 0.784283, -0.000312611, 0.791346, 0.0988325, 0.778894, -0.0181024, 0.881368, 0.366244, 0.784283, -0.000625227, 0.0146643, -0.159929, 4.60878e-05, -0.159929, -0.0465461, -0.159937, -4.60878e-05, -0.159929, 5e-05, 0, 0.159931, 5e-05, 0, 0.159931, 0.2228, 0.2, 0.159931, 0.2228, -0.2, 0.159931, -0.2212, -0.2, 0.159931, 0.2228, 0.2, 0.159931, 0.2228, -0.2, 0.159931, -0.2212, -0.2, 0.159931, 0, 1, 0, 0, 0.3025, 0.8025, 0.0025, 0.5025, 
16, 0.79139, 0.0991405, 0.784283, -0.000312611, 0.881514, 0.366529, 0.784283, -0.000312611, 0.791346, 0.0988325, 0.778894, -0.0181024, 0.881368, 0.366244, 0.784283, -0.000625227, 0.0146643, -0.159929, 4.60878e-05, -0.159929, -0.0465461, -0.159937, -4.60878e-05, -0.159929, 5e-05, 0, 0.159931, 5e-05, 0, 0.159931, 0.22285, 0.2, 0.159931, 0.22285, -0.2, 0.159931, -0.22115, -0.2, 0.159931, 0.22285, 0.2, 0.159931, 0.22285, -0.2, 0.159931, -0.22115, -0.2, 0.159931, 0, 1, 0, 0, 0.302667, 0.802667, 0.00266667, 0.502667, 
17, 0.79139, 0.0991405, 0.784283, -0.000312611, 0.881514, 0.366529, 0.784283, -0.000312611, 0.791346, 0.0988325, 0.778894, -0.0181024, 0.881368, 0.366244, 0.784283, -0.000625227, 0.0146643, -0.159929, 4.60878e-05, -0.159929, -0.0465461, -0.159937, -4.60878e-05, -0.159929, 5e-05, 0, 0.159931, 5e-05, 0, 0.159931, 0.2229, 0.2, 0.159931, 0.2229, -0.2, 0.159931, -0.2211, -0.2, 0.159931, 0.2229, 0.2, 0.159931, 0.2229, -0.2, 0.159931, -0.2211, -0.2, 0.159931, 0, 1, 0, 0, 0.302833, 0.802833, 0.00283333, 0.502833, 
18, 0.79139, 0.0991405, 0.784283, -0.000312611, 0.881514, 0.366529, 0.784283, -0.000312611, 0.791346, 0.0988325, 0.778894, -0.0181024, 0.881368, 0.366244, 0.784283, -0.000625227, 0.0146643, -0.159929, 4.60878e-05, -0.159929, -0.0465461, -0.159937, -4.60878e-05, -0.159929, 5e-05, 0, 0.159931, 5e-05, 0, 0.159931, 0.22295, 0.2, 0.159931, 0.22295, -0.2, 0.159931, -0.22105, -0.2, 0.159931, 0.22295, 0.2, 0.159931, 0.22295, -0.2, 0.159931, -0.22105, -0.2, 0.159931, 0, 1, 0, 0, 0.303, 0.803, 0.003, 0.503, 
19, 0.79139, 0.0991405, 0.784283, -0.000312611, 0.881514, 0.366529, 0.784283, -0.000312611, 0.791346, 0.0988325, 0.778894, -0.0181024, 0.881368, 0.366244, 0.784283, -0.000625227, 0.0146643, -0.159929, 4.60878e-05, -0.159929, -0.0465461, -0.159937, -4.60878e-05, -0.159929, 5e-05, 0, 0.159931, 5e-05, 0, 0.159931, 0.223, 0.2, 0.159931, 0.223, -0.2, 0.159931, -0.221, -0.2, 0.159931, 0.223, 0.2, 0.159931, 0.223, -0.2, 0.159931, -0.221, -0.2, 0.159931, 0, 1, 0, 0, 0.303167, 0.803167, 0.00316667, 0.503167, 
20, 0.79139, 0.0991405, 0.784283, -0.000312611, 0.881514, 0.366529, 0.784283, -0.000312611, 0.791346, 0.0988325, 0.778894, -0.0181024, 0.881368, 0.366244, 0.784283, -0.000625227, 0.0146643, -0.159929, 4.60878e-05, -0.159929, -0.0465461, -0.159937, -4.60878e-05, -0.159929, 5e-05, 0, 0.159931, 5e-05, 0, 0.159931, 0.22305, 0.2, 0.159931, 0.22305, -0.2, 0.159931, -0.22095, -0.2, 0.159931, 0.22305, 0.2, 0.159931, 0.22305, -0.2, 0.159931, -0.22095, -0.2, 0.159931, 0, 1, 0, 0, 0.303333, 0.803333, 0.00333333, 0.503333, 
21, 0.79139, 0.0991405, 0.784283, -0.000312611, 0.881514, 0.366529, 0.784283, -0.000312611, 0.791346, 0.0988325, 0.778894, -0.0181024, 0.881368, 0.366244, 0.784283, -0.000625227, 0.0146643, -0.159929, 4.60878e-05, -0.159929, -0.0465461, -0.159937, -4.60878e-05, -0.159929, 5e-05, 0, 0.159931, 5e-05, 0, 0.159931, 0.2231, 0.2, 0.159931, 0.2231, -0.2, 0.159931, -0.2209, -0.2, 0.159931, 0.2231, 0.2, 0.159931, 0.2231, -0.2, 0.159931, -0.2209, -0.2, 0.159931, 0, 1, 0, 0, 0.3035, 0.8035, 0.0035, 0.5035, 
22, 0.79139, 0.0991405, 0.784283, -0.000312611, 0.881514, 0.366529, 0.784283, -0.000312611, 0.791346, 0.0988325, 0.778894, -0.0181024, 0.881368, 0.366244, 0.784283, -0.000625227, 0.0146643, -0.159929, 4.60878e-05, -0.159929, -0.0465461, -0.159937, -4.60878e-05, -0.159929, 5e-05, 0, 0.159931, 5e-05, 0, 0.159931, 0.22315, 0.2, 0.159931, 0.22315, -0.2, 0.159931, -0.22085, -0.2, 0.159931, 0.22315, 0.2, 0.159931, 0.22315, -0.2, 0.159931, -0.22085, -0.2, 0.159931, 0, 1, 0, 0, 0.303667, 0.803667, 0.00366667, 0.503667, 
23, 0.79139, 0.0991405, 0.784283, -0.000312611, 0.881514, 0.366529, 0.784283, -0.000312611, 0.791346, 0.0988325, 0.778894, -0.0181024, 0.881368, 0.366244, 0.784283, -0.000625227, 0.0146643, -0.159929, 4.60878e-05, -0.159929, -0.0465461, -0.159937, -4.60878e-05, -0.159929, 5e-05, 0, 0.159931, 5e-05, 0, 0.159931, 0.2232, 0.2, 0.159931, 0.2232, -0.2, 0.159931, -0.2208, -0.2, 0.159931, 0.2232, 0.2, 0.159931, 0.2232, -0.2, 0.159931, -0.2208, -0.2, 0.159931, 0, 1, 0, 0, 0.303833, 0.803833, 0.00383333, 0.503833, 
24, 0.79139, 0.0991405, 0.784283, -0.000312611, 0.881514, 0.366529, 0.784283, -0.000312611, 0.791346, 0.0988325, 0.778894, -0.0181024, 0.881368, 0.366244, 0.784283, -0.000625227, 0.0146643, -0.159929, 4.60878e-05, -0.159929, -0.0465461, -0.159937, -4.60878e-05, -0.159929, 5e-05, 0, 0.159931, 5e-05, 0, 0.159931, 0.22325, 0.2, 0.159931, 0.22325, -0.2, 0.159931, -0.22075, -0.2, 0.159931, 0.22325, 0.2, 0.159931, 0.22325, -0.2, 0.159931, -0.22075, -0.2, 0.159931, 0, 1, 0, 0, 0.304, 0.804, 0.004, 0.504, 
25, 0.79139, 0.0991405, 0.784283, -0.000312611, 0.881514, 0.366529, 0.784283, -0.000312611, 0.791346, 0.0988325, 0.773417, -0.0361321, 0.881368, 0.366244, 0.784283, -0.000625227, 0.0146643, -0.159929, 4.60878e-05, -0.159929, -0.0465461, -0.159937, -4.60878e-05, -0.159929, 5e-05, 0, 0.159931, 5e-05, 0, 0.159931, 0.2233, 0.2, 0.159931, 0.2233, -0.2, 0.159931, -0.2207, -0.2, 0.159931, 0.2233, 0.2, 0.159931, 0.2233, -0.2, 0.159931, -0.2207, -0.2, 0.159931, 0, 1, 0, 0, 0.304167, 0.804167, 0.00416667, 0.504167, 
26, 0.79139, 0.0991405, 0.784283, -0.000312611, 0.881514, 0.366529, 0.784283, -0.000312611, 0.791346, 0.0988325, 0.773417, -0.0361321, 0.881368, 0.366244, 0.784283, -0.000625227, 0.0146643, -0.159929, 4.60878e-05, -0.159929, -0.0465461, -0.159937, -4.60878e-05, -0.159929, 5e-05, 0, 0.159931, 5e-05, 0, 0.159931, 0.22335, 0.2, 0.159931, 0.22335, -0.2, 0.159931, -0.22065, -0.2, 0.159931, 0.22335, 0.2, 0.159931, 0.22335, -0.2, 0.159931, -0.22065, -0.2, 0.159931, 0, 1, 0, 0, 0.304333, 0.804333, 0.00433333, 0.504333, 
27, 0.79139, 0.0991405, 0.784283, -0.000312611, 0.881514, 0.366529, 0.784283, -0.000312611, 0.791346, 0.0988325, 0.773417, -0.0361321, 0.881368, 0.366244, 0.784283, -0.000625227, 0.0146643, -0.159929, 4.60878e-05, -0.159929, -0.0465461, -0.159937, -4.60878e-05, -0.159929, 5e-05, 0, 0.159931, 5e-05, 0, 0.159931, 0.2234, 0.2, 0.159931, 0.2234, -0.2, 0.159931, -0.2206, -0.2, 0.159931, 0.2234, 0.2, 0.159931, 0.2234, -0.2, 0.159931, -0.2206, -0.2, 0.159931, 0, 1, 0, 0, 0.3045, 0.8045, 0.0045, 0.5045, 
28, 0.79139, 0.0991405, 0.784283, -0.000312611, 0.881514, 0.366529, 0.784283, -0.000312611, 0.791346, 0.0988325, 0.773417, -0.0361321, 0.881368, 0.366244, 0.784283, -0.000625227, 0.0146643, -0.159929, 4.60878e-05, -0.159929, -0.0465461, -0.159937, -4.60878e-05, -0.159929, 5e-05, 0, 0.159931, 5e-05, 0, 0.159931, 0.22345, 0.2, 0.159931, 0.22345, -0.2, 0.159931, -0.22055, -0.2, 0.159931, 0.22345, 0.2, 0.159931, 0.22345, -0.2, 0.159931, -0.22055, -0.2, 0.159931, 0, 1, 0, 0, 0.304667, 0.804667, 0.00466667, 0.504667, 
29, 0.79139, 0.0991405, 0.784283, -0.000312611, 0.881514, 0.366529, 0.784283, -0.000312611, 0.791346, 0.0988325, 0.773417, -0.0361321, 0.881368, 0.366244, 0.784283, -0.000625227, 0.0146643, -0.159929, 4.60878e-05, -0.159929, -0.0465461, -0.159937, -4.60878e-05, -0.159929, 5e-05, 0, 0.159931, 5e-05, 0, 0.159931, 0.2235, 0.2, 0.159931, 0.2235, -0.2, 0.159931, -0.2205, -0.2, 0.159931, 0.2235, 0.2, 0.159931, 0.2235, -0.2, 0.159931, -0.2205, -0.2, 0.159931, 0, 1, 0, 0, 0.304833, 0.804833, 0.00483333, 0.504833, 
30, 0.79139, 0.0991405, 0.784283, -0.000312611, 0.881514, 0.366529, 0.784283, -0.000312611, 0.791346, 0.0988325, 0.773417, -0.0361321, 0.881368, 0.366244, 0.784283, -0.000625227, 0.0146643, -0.159929, 4.60878e-05, -0.159929, -0.0465461, -0.159937, -4.60878e-05, -0.159929, 5e-05, 0, 0.159931, 5e-05, 0, 0.159931, 0.22355, 0.2, 0.159931, 0.22355, -0.2, 0.159931, -0.22045, -0.2, 0.159931, 0.22355, 0.2, 0.159931, 0.22355, -0.2, 0.159931, -0.22045, -0.2, 0.159931, 0, 1, 0, 0, 0.305, 0.805, 0.005, 0.505, 
31, 0.79139, 0.0991405, 0.784283, -0.000312611, 0.881514, 0.366529, 0.784283, -0.000312611, 0.791346, 0.0988325, 0.773417, -0.0361321, 0.881368, 0.366244, 0.784283, -0.000625227, 0.0146643, -0.159929, 4.60878e-05, -0.159929, -0.0465461, -0.159937, -4.60878e-05, -0.159929, 5e-05, 0, 0.159931, 5e-05, 0, 0.159931, 0.2236, 0.2, 0.159931, 0.2236, -0.2, 0.159931, -0.2204, -0.2, 0.159931, 0.2236, 0.2, 0.159931, 0.2236, -0.2, 0.159931, -0.2204, -0.2, 0.159931, 0, 1, 0, 0, 0.305167, 0.805167, 0.00516667, 0.505167, 
32, 0.79139, 0.0991405, 0.784283, -0.000312611, 0.881514, 0.366529, 0.784283, -0.000312611, 0.791346, 0.0988325, 0.773417, -0.0361321, 0.881368, 0.366244, 0.784283, -0.000625227, 0.0146643, -0.159929, 4.60878e-05, -0.159929, -0.0465461, -0.159937, -4.60878e-05, -0.159929, 5e-05, 0, 0.159931, 5e-05, 0, 0.159931, 0.22365, 0.2, 0.159931, 0.22365, -0.2, 0.159931, -0.22035, -0.2, 0.159931, 0.22365, 0.2, 0.159931, 0.22365, -0.2, 0.159931, -0.22035, -0.2, 0.159931, 0, 1, 0, 0, 0.305333, 0.805333, 0.00533333, 0.505333, 
33, 0.79139, 0.0991405, 0.784283, -0.000312611, 0.881514, 0.366529, 0.784283, -0.000312611, 0.791346, 0.0988325, 0.773417, -0.0361321, 0.881368, 0.366244, 0.784283, -0.000625227, 0.0146643, -0.159929, 4.60878e-05, -0.159929, -0.0465461, -0.159937, -4.60878e-05, -0.159929, 5e-05, 0, 0.159931, 5e-05, 0, 0.159931, 0.2237, 0.2, 0.159931, 0.2237, -0.2, 0.159931, -0.2203, -0.2, 0.159931, 0.2237, 0.2, 0.159931, 0.2237, -0.2, 0.159931, -0.2203, -0.2, 0.159931, 0, 1, 0, 0, 0.3055, 0.8055, 0.0055, 0.5055, 
34, 0.79139, 0.0991405, 0.784283, -0.000312611, 0.881514, 0.366529, 0.784283, -0.000312611, 0.791346, 0.0988325, 0.773417, -0.0361321, 0.881368, 0.366244, 0.784283, -0.000625227, 0.0146643, -0.159929, 4.60878e-05, -0.159929, -0.0465461, -0.159937, -4.60878e-05, -0.159929, 5e-05, 0, 0.159931, 5e-05, 0, 0.159931, 0.22375, 0.2, 0.159931, 0.22375, -0.2, 0.159931, -0.22025, -0.2, 0.159931, 0.22375, 0.2, 0.159931, 0.22375, -0.2, 0.159931, -0.22025, -0.2, 0.159931, 0, 1, 0, 0, 0.305667, 0.805667, 0.00566667, 0.505667, 
35, 0.79139, 0.0991405, 0.784283, -0.000312611, 0.881514, 0.366529, 0.784283, -0.000312611, 0.791346, 0.0988325, 0.773417, -0.0361321, 0.881368, 0.366244, 0.784283, -0.000625227, 0.0146643, -0.159929, 4.60878e-05, -0.159929, -0.0465461, -0.159937, -4.60878e-05, -0.159929, 5e-05, 0, 0.159931, 5e-05, 0, 0.159931, 0.2238, 0.2, 0.159931, 0.2238, -0.2, 0.159931, -0.2202, -0.2, 0.159931, 0.2238, 0.2, 0.159931, 0.2238, -0.2, 0.159931, -0.2202, -0.2, 0.159931, 0, 1, 0, 0, 0.305833, 0.805833, 0.00583333, 0.505833, 
36, 0.79139, 0.0991405, 0.784283, -0.000312611, 0.881514, 0.366529, 0.784283, -0.000312611, 0.791346, 0.0988325, 0.773417, -0.0361321, 0.881368, 0.366244, 0.784283, -0.000625227, 0.0146643, -0.159929, 4.60878e-05, -0.159929, -0.0465461, -0.159937, -4.60878e-05, -0.159929, 5e-05, 0, 0.159931, 5e-05, 0, 0.159931, 0.22385, 0.2, 0.159931, 0.22385, -0.2, 0.159931, -0.22015, -0.2, 0.159931, 0.22385, 0.2, 0.159931, 0.22385, -0.2, 0.159931, -0.22015, -0.2, 0.159931, 0, 1, 0, 0, 0.306, 0.806, 0.006, 0.506, 
37, 0.79139, 0.0991405, 0.784283, -0.000312611, 0.881514, 0.366529, 0.784283, -0.000312611, 0.791346, 0.0988325, 0.767851, -0.0546282, 0.881368, 0.366244, 0.784283, -0.000625227, 0.0146643, -0.159929, 4.60878e-05, -0.159929, -0.0465461, -0.159937, -4.60878e-05, -0.159929, 5e-05, 0, 0.159931, 5e-05, 0, 0.159931, 0.2239, 0.2, 0.159931, 0.2239, -0.2, 0.159931, -0.2201, -0.2, 0.159931, 0.2239, 0.2, 0.159931, 0.2239, -0.2, 0.159931, -0.2201, -0.2, 0.159931, 0, 1, 0, 0, 0.306167, 0.806167, 0.00616667, 0.506167, 
38, 0.79139, 0.0991405, 0.784283, -0.000312611, 0.881514, 0.366529, 0.784283, -0.000312611, 0.791346, 0.0988325, 0.767851, -0.0546282, 0.881368, 0.366244, 0.784283, -0.000625227, 0.0146643, -0.159929, 4.60878e-05, -0.159929, -0.0465461, -0.159937, -4.60878e-05, -0.159929, 5e-05, 0, 0.159931, 5e-05, 0, 0.159931, 0.22395, 0.2, 0.159931, 0.22395, -0.2, 0.159931, -0.22005, -0.2, 0.159931, 0.22395, 0.2, 0.159931, 0.22395, -0.2, 0.159931, -0.22005, -0.2, 0.159931, 0, 1, 0, 0, 0.306333, 0.806333, 0.00633333, 0.506333, 
39, 0.79139, 0.0991405, 0.784283, -0.000312611, 0.881514, 0.366529, 0.784283, -0.000312611, 0.791346, 0.0988325, 0.767851, -0.0546282, 0.881368, 0.366244, 0.784283, -0.000625227, 0.0146643, -0.159929, 4.60878e-05, -0.159929, -0.0465461, -0.159937, -4.60878e-05, -0.159929, 5e-05, 0, 0.159931, 5e-05, 0, 0.159931, 0.224, 0.2, 0.159931, 0.224, -0.2, 0.159931, -0.22, -0.2, 0.159931, 0.224, 0.2, 0.159931, 0.224, -0.2, 0.159931, -0.22, -0.2, 0.159931, 0, 1, 0, 0, 0.3065, 0.8065, 0.0065, 0.5065, 
40, 0.79139, 0.0991405, 0.784283, -0.000312611, 0.881514, 0.366529, 0.784283, -0.000312611, 0.791346, 0.0988325, 0.767851, -0.0546282, 0.881368, 0.366244, 0.784283, -0.000625227, 0.0146643, -0.159929, 4.60878e-05, -0.159929, -0.0465461, -0.159937, -4.60878e-05, -0.159929, 5e-05, 0, 0.159931, 5e-05, 0, 0.159931, 0.22405, 0.2, 0.159931, 0.22405, -0.2, 0.159931, -0.21995, -0.2, 0.159931, 0.22405, 0.2, 0.159931, 0.22405, -0.2, 0.159931, -0.21995, -0.2, 0.159931, 0, 1, 0, 0, 0.306667, 0.806667, 0.00666667, 0.506667, 
41, 0.79139, 0.0991405, 0.784283, -0.000312611, 0.881514, 0.366529, 0.784283, -0.000312611, 0.791346, 0.0988325, 0.767851, -0.0546282, 0.881368, 0.366244, 0.784283, -0.000625227, 0.0146643, -0.159929, 4.60878e-05, -0.159929, -0.0465461, -0.159937, -4.60878e-05, -0.159929, 5e-05, 0, 0.159931, 5e-05, 0, 0.159931, 0.2241, 0.2, 0.159931, 0.2241, -0.2, 0.159931, -0.2199, -0.2, 0.159931, 0.2241, 0.2, 0.159931, 0.2241, -0.2, 0.159931, -0.2199, -0.2, 0.159931, 0, 1, 0, 0, 0.306833, 0.806833, 0.00683333, 0.506833, 
42, 0.79139, 0.0991405, 0.784283, -0.000312611, 0.881514, 0.366529, 0.784283, -0.000312611, 0.791346, 0.0988325, 0.767851, -0.0546282, 0.881368, 0.366244, 0.784283, -0.000625227, 0.0146643, -0.159929, 4.60878e-05, -0.159929, -0.0465461, -0.159937, -4.60878e-05, -0.159929, 5e-05, 0, 0.159931, 5e-05, 0, 0.159931, 0.22415, 0.2, 0.159931, 0.22415, -0.2, 0.159931, -0.21985, -0.2, 0.159931, 0.22415, 0.2, 0.159931, 0.22415, -0.2, 0.159931, -0.21985, -0.2, 0.159931, 0, 1, 0, 0, 0.307, 0.807, 0.007, 0.507, 
43, 0.79139, 0.0991405, 0.784283, -0.000312611, 0.881514, 0.366529, 0.784283, -0.000312611, 0.791346, 0.0988325, 0.767851, -0.0546282, 0.881368, 0.366244, 0.784283, -0.000625227, 0.0146643, -0.159929, 4.60878e-05, -0.159929, -0.0465461, -0.159937, -4.60878e-05, -0.159929, 5e-05, 0, 0.159931, 5e-05, 0, 0.159931, 0.2242, 0.2, 0.159931, 0.2242, -0.2, 0.159931, -0.2198, -0.2, 0.159931, 0.2242, 0.2, 0.159931, 0.2242, -0.2, 0.159931, -0.2198, -0.2, 0.159931, 0, 1, 0, 0, 0.307167, 0.807167, 0.00716667, 0.507167, 
44, 0.79139, 0.0991405, 0.784283, -0.000312611, 0.881514, 0.366529, 0.784283, -0.000312611, 0.791346, 0.0988325, 0.767851, -0.0546282, 0.881368, 0.366244, 0.784283, -0.000625227, 0.0146643, -0.159929, 4.60878e-05, -0.159929, -0.0465461, -0.159937, -4.60878e-05, -0.159929, 5e-05, 0, 0.159931, 5e-05, 0, 0.159931, 0.22425, 0.2, 0.159931, 0.22425, -0.2, 0.159931, -0.21975, -0.2, 0.159931, 0.22425, 0.2, 0.159931, 0.22425, -0.2, 0.159931, -0.21975, -0.2, 0.159931, 0, 1, 0, 0, 0.307333, 0.807333, 0.00733333, 0.507333, 
45, 0.79139, 0.0991405, 0.784283, -0.000312611, 0.881514, 0.366529, 0.784283, -0.000312611, 0.791346, 0.0988325, 0.767851, -0.0546282, 0.881368, 0.366244, 0.784283, -0.000625227, 0.0146643, -0.159929, 4.60878e-05, -0.159929, -0.0465461, -0.159937, -4.60878e-05, -0.159929, 5e-05, 0, 0.159931, 5e-05, 0, 0.159931, 0.2243, 0.2, 0.159931, 0.2243, -0.2, 0.159931, -0.2197, -0.2, 0.159931, 0.2243, 0.2, 0.159931, 0.2243, -0.2, 0.159931, -0.2197, -0.2, 0.159931, 0, 1, 0, 0, 0.3075, 0.8075, 0.0075, 0.5075, 
46, 0.79139, 0.0991405, 0.784283, -0.000312611, 0.881514, 0.366529, 0.784283, -0.000312611, 0.791346, 0.0988325, 0.767851, -0.0546282, 0.881368, 0.366244, 0.784283, -0.000625227, 0.0146643, -0.159929, 4.60878e-05, -0.159929, -0.0465461, -0.159937, -4.60878e-05, -0.159929, 5e-05, 0, 0.159931, 5e-05, 0, 0.159931, 0.22435, 0.2, 0.159931, 0.22435, -0.2, 0.159931, -0.21965, -0.2, 0.159931, 0.22435, 0.2, 0.159931, 0.22435, -0.2, 0.159931, -0.21965, -0.2, 0.159931, 0, 1, 0, 0, 0.307667, 0.807667, 0.00766667, 0.507667, 
47, 0.79139, 0.0991405, 0.784283, -0.000312611, 0.881514, 0.366529, 0.784283, -0.000312611, 0.791346, 0.0988325, 0.767851, -0.0546282, 0.881368, 0.366244, 0.784283, -0.000625227, 0.0146643, -0.159929, 4.60878e-05, -0.159929, -0.0465461, -0.159937, -4.60878e-05, -0.159929, 5e-05, 0, 0.159931, 5e-05, 0, 0.159931, 0.2244, 0.2, 0.159931, 0.2244, -0.2, 0.159931, -0.2196, -0.2, 0.159931, 0.2244, 0.2, 0.159931, 0.2244, -0.2, 0.159931, -0.2196, -0.2, 0.159931, 0, 1, 0, 0, 0.307833, 0.807833, 0.00783333, 0.507833, 
48, 0.79139, 0.0991405, 0.784283, -0.000312611, 0.881514, 0.366529, 0.784283, -0.000312611, 0.791346, 0.0988325, 0.767851, -0.0546282, 0.881368, 0.366244, 0.784283, -0.000625227, 0.0146643, -0.159929, 4.60878e-05, -0.159929, -0.0465461, -0.159937, -4.60878e-05, -0.159929, 5e-05, 0, 0.159931, 5e-05, 0, 0.159931, 0.22445, 0.2, 0.159931, 0.22445, -0.2, 0.159931, -0.21955, -0.2, 0.159931, 0.22445, 0.2, 0.159931, 0.22445, -0.2, 0.159931, -0.21955, -0.2, 0.159931, 0, 1, 0, 0, 0.308, 0.808, 0.008, 0.508, 
49, 0.79139, 0.0991405, 0.784283, -0.000312611, 0.881514, 0.366529, 0.784283, -0.000312611, 0.791346, 0.0988325, 0.762198, -0.0738028, 0.881368, 0.366244, 0.784283, -0.000625227, 0.0146643, -0.159929, 4.60878e-05, -0.159929, -0.0465461, -0.159937, -4.60878e-05, -0.159929, 5e-05, 0, 0.159931, 5e-05, 0, 0.159931, 0.2245, 0.2, 0.159931, 0.2245, -0.2, 0.159931, -0.2195, -0.2, 0.159931, 0.2245, 0.2, 0.159931, 0.2245, -0.2, 0.159931, -0.2195, -0.2, 0.159931, 0, 1, 0, 0, 0.308167, 0.808167, 0.00816667, 0.508167, 
50, 0.79139, 0.0991405, 0.784283, -0.000312611, 0.881514, 0.366529, 0.784283, -0.000312611, 0.791346, 0.0988325, 0.762198, -0.0738028, 0.881368, 0.366244, 0.784283, -0.000625227, 0.0146643, -0.159929, 4.60878e-05, -0.159929, -0.0465461, -0.159937, -4.60878e-05, -0.159929, 5e-05, 0, 0.159931, 5e-05, 0, 0.159931, 0.22455, 0.2, 0.159931, 0.22455, -0.2, 0.159931, -0.21945, -0.2, 0.159931, 0.22455, 0.2, 0.159931, 0.22455, -0.2, 0.159931, -0.21945, -0.2, 0.159931, 0, 1, 0, 0, 0.308333, 0.808333, 0.00833333, 0.508333, 
51, 0.79139, 0.0991405, 0.784283, -0.000312611, 0.881514, 0.366529, 0.784283, -0.000312611, 0.791346, 0.0988325, 0.762198, -0.0738028, 0.881368, 0.366244, 0.784283, -0.000625227, 0.0146643, -0.159929, 4.60878e-05, -0.159929, -0.0465461, -0.159937, -4.60878e-05, -0.159929, 5e-05, 0, 0.159931, 5e-05, 0, 0.159931, 0.2246, 0.2, 0.159931, 0.2246, -0.2, 0.159931, -0.2194, -0.2, 0.159931, 0.2246, 0.2, 0.159931, 0.2246, -0.2, 0.159931, -0.2194, -0.2, 0.159931, 0, 1, 0, 0, 0.3085, 0.8085, 0.0085, 0.5085, 
52, 0.79139, 0.0991405, 0.784283, -0.000312611, 0.881514, 0.366529, 0.784283, -0.000312611, 0.791346, 0.0988325, 0.762198, -0.0738028, 0.881368, 0.366244, 0.784283, -0.000625227, 0.0146643, -0.159929, 4.60878e-05, -0.159929, -0.0465461, -0.159937, -4.60878e-05, -0.159929, 5e-05, 0, 0.159931, 5e-05, 0, 0.159931, 0.22465, 0.2, 0.159931, 0.22465, -0.2, 0.159931, -0.21935, -0.2, 0.159931, 0.22465, 0.2, 0.159931, 0.22465, -0.2, 0.159931, -0.21935, -0.2, 0.159931, 0, 1, 0, 0, 0.308667, 0.808667, 0.00866667, 0.508667, 
53, 0.79139, 0.0991405, 0.784283, -0.000312611, 0.881514, 0.366529, 0.784283, -0.000312611, 0.791346, 0.0988325, 0.762198, -0.0738028, 0.881368, 0.366244, 0.784283, -0.000625227, 0.0146643, -0.159929, 4.60878e-05, -0.159929, -0.0465461, -0.159937, -4.60878e-05, -0.159929, 5e-05, 0, 0.159931, 5e-05, 0, 0.159931, 0.2247, 0.2, 0.159931, 0.2247, -0.2, 0.159931, -0.2193, -0.2, 0.159931, 0.2247, 0.2, 0.159931, 0.2247, -0.2, 0.159931, -0.2193, -0.2, 0.159931, 0, 1, 0, 0, 0.308833, 0.808833, 0.00883333, 0.508833, 
54, 0.79139, 0.0991405, 0.784283, -0.000312611, 0.881514, 0.366529, 0.784283, -0.000312611, 0.791346, 0.0988325, 0.762198, -0.0738028, 0.881368, 0.366244, 0.784283, -0.000625227, 0.0146643, -0.159929, 4.60878e-05, -0.159929, -0.0465461, -0.159937, -4.60878e-05, -0.159929, 5e-05, 0, 0.159931, 5e-05, 0, 0.159931, 0.22475, 0.2, 0.159931, 0.22475, -0.2, 0.159931, -0.21925, -0.2, 0.159931, 0.22475, 0.2, 0.159931, 0.22475, -0.2, 0.159931, -0.21925, -0.2, 0.159931, 0, 1, 0, 0, 0.309, 0.809, 0.009, 0.509, 
55, 0.79139, 0.0991405, 0.784283, -0.000312611, 0.881514, 0.366529, 0.784283, -0.000312611, 0.791346, 0.0988325, 0.762198, -0.0738028, 0.881368, 0.366244, 0.784283, -0.000625227, 0.0146643, -0.159929, 4.60878e-05, -0.159929, -0.0465461, -0.159937, -4.60878e-05, -0.159929, 5e-05, 0, 0.159931, 5e-05, 0, 0.159931, 0.2248, 0.2, 0.159931, 0.2248, -0.2, 0.159931, -0.2192, -0.2, 0.159931, 0.2248, 0.2, 0.159931, 0.2248, -0.2, 0.159931, -0.2192, -0.2, 0.159931, 0, 1, 0, 0, 0.309167, 0.809167, 0.00916667, 0.509167, 
56, 0.79139, 0.0991405, 0.784283, -0.000312611, 0.881514, 0.366529, 0.784283, -0.000312611, 0.791346, 0.0988325, 0.762198, -0.0738028, 0.881368, 0.366244, 0.784283, -0.000625227, 0.0146643, -0.159929, 4.60878e-05, -0.159929, -0.0465461, -0.159937, -4.60878e-05, -0.159929, 5e-05, 0, 0.159931, 5e-05, 0, 0.159931, 0.22485, 0.2, 0.159931, 0.22485, -0.2, 0.159931, -0.21915, -0.2, 0.159931, 0.22485, 0.2, 0.159931, 0.22485, -0.2, 0.159931, -0.21915, -0.2, 0.159931, 0, 1, 0, 0, 0.309333, 0.809333, 0.00933333, 0.509333, 
57, 0.79139, 0.0991405, 0.784283, -0.000312611, 0.881514, 0.366529, 0.784283, -0.000312611, 0.791346, 0.0988325, 0.762198, -0.0738028, 0.881368, 0.366244, 0.784283, -0.000625227, 0.0146643, -0.159929, 4.60878e-05, -0.159929, -0.0465461, -0.159937, -4.60878e-05, -0.159929, 5e-05, 0, 0.159931, 5e-05, 0, 0.159931, 0.2249, 0.2, 0.159931, 0.2249, -0.2, 0.159931, -0.2191, -0.2, 0.159931, 0.2249, 0.2, 0.159931, 0.2249, -0.2, 0.159931, -0.2191, -0.2, 0.159931, 0, 1, 0, 0, 0.3095, 0.8095, 0.0095, 0.5095, 
58, 0.79139, 0.0991405, 0.784283, -0.000312611, 0.881514, 0.366529, 0.784283, -0.000312611, 0.791346, 0.0988325, 0.762198, -0.0738028, 0.881368, 0.366244, 0.784283, -0.000625227, 0.0146643, -0.159929, 4.60878e-05, -0.159929, -0.0465461, -0.159937, -4.60878e-05, -0.159929, 5e-05, 0, 0.159931, 5e-05, 0, 0.159931, 0.22495, 0.2, 0.159931, 0.22495, -0.2, 0.159931, -0.21905, -0.2, 0.159931, 0.22495, 0.2, 0.159931, 0.22495, -0.2, 0.159931, -0.21905, -0.2, 0.159931, 0, 1, 0, 0, 0.309667, 0.809667, 0.00966667, 0.509667, 
59, 0.79139, 0.0991405, 0.784283, -0.000312611, 0.881514, 0.366529, 0.784283, -0.000312611, 0.791346, 0.0988325, 0.762198, -0.0738028, 0.881368, 0.366244, 0.784283, -0.000625227, 0.0146643, -0.159929, 4.60878e-05, -0.159929, -0.0465461, -0.159937, -4.60878e-05, -0.159929, 5e-05, 0, 0.159931, 5e-05, 0, 0.159931, 0.225, 0.2, 0.159931, 0.225, -0.2, 0.159931, -0.219, -0.2, 0.159931, 0.225, 0.2, 0.159931, 0.225, -0.2, 0.159931, -0.219, -0.2, 0.159931, 0, 1, 0, 0, 0.309833, 0.809833, 0.00983333, 0.509833, 
60, 0.79139, 0.0991405, 0.784283, -0.000312611, 0.881514, 0.366529, 0.784283, -0.000312611, 0.791346, 0.0988325, 0.762198, -0.0738028, 0.881368, 0.366244, 0.784283, -0.000625227, 0.0146643, -0.159929, 4.60878e-05, -0.159929, -0.0465461, -0.159937, -4.60878e-05, -0.159929, 5e-05, 0, 0.159931, 5e-05, 0, 0.159931, 0.22505, 0.2, 0.159931, 0.22505, -0.2, 0.159931, -0.21895, -0.2, 0.159931, 0.22505, 0.2, 0.159931, 0.22505, -0.2, 0.159931, -0.21895, -0.2, 0.159931, 0, 1, 0, 0, 0.31, 0.81, 0.01, 0.51, 
61, 0.79139, 0.0991405, 0.784283, -0.000312611, 0.881514, 0.366529, 0.784283, -0.000312611, 0.791346, 0.0988325, 0.756456, -0.0938541, 0.881368, 0.366244, 0.784283, -0.000625227, 0.0146643, -0.159929, 4.60878e-05, -0.159929, -0.0465461, -0.159937, -4.60878e-05, -0.159929, 5e-05, 0, 0.159931, 5e-05, 0, 0.159931, 0.2251, 0.2, 0.159931, 0.2251, -0.2, 0.159931, -0.2189, -0.2, 0.159931, 0.2251, 0.2, 0.159931, 0.2251, -0.2, 0.159931, -0.2189, -0.2, 0.159931, 0, 1, 0, 0, 0.310167, 0.810167, 0.0101667, 0.510167, 
62, 0.79139, 0.0991405, 0.784283, -0.000312611, 0.881514, 0.366529, 0.784283, -0.000312611, 0.791346, 0.0988325, 0.756456, -0.0938541, 0.881368, 0.366244, 0.784283, -0.000625227, 0.0146643, -0.159929, 4.60878e-05, -0.159929, -0.0465461, -0.159937, -4.60878e-05, -0.159929, 5e-05, 0, 0.159931, 5e-05, 0, 0.159931, 0.22515, 0.2, 0.159931, 0.22515, -0.2, 0.159931, -0.21885, -0.2, 0.159931, 0.22515, 0.2, 0.159931, 0.22515, -0.2, 0.159931, -0.21885, -0.2, 0.159931, 0, 1, 0, 0, 0.310333, 0.810333, 0.0103333, 0.510333, 
63, 0.79139, 0.0991405, 0.784283, -0.000312611, 0.881514, 0.366529, 0.784283, -0.000312611, 0.791346, 0.0988325, 0.756456, -0.0938541, 0.881368, 0.366244, 0.784283, -0.000625227, 0.0146643, -0.159929, 4.60878e-05, -0.159929, -0.0465461, -0.159937, -4.60878e-05, -0.159929, 5e-05, 0, 0.159931, 5e-05, 0, 0.159931, 0.2252, 0.2, 0.159931, 0.2252, -0.2, 0.159931, -0.2188, -0.2, 0.159931, 0.2252, 0.2, 0.159931, 0.2252, -0.2, 0.159931, -0.2188, -0.2, 0.159931, 0, 1, 0, 0, 0.3105, 0.8105, 0.0105, 0.5105, 
64, 0.79139, 0.0991405, 0.784283, -0.000312611, 0.881514, 0.366529, 0.784283, -0.000312611, 0.791346, 0.0988325, 0.756456, -0.0938541, 0.881368, 0.366244, 0.784283, -0.000625227, 0.0146643, -0.159929, 4.60878e-05, -0.159929, -0.0465461, -0.159937, -4.60878e-05, -0.159929, 5e-05, 0, 0.159931, 5e-05, 0, 0.159931, 0.22525, 0.2, 0.159931, 0.22525, -0.2, 0.159931, -0.21875, -0.2, 0.159931, 0.22525, 0.2, 0.159931, 0.22525, -0.2, 0.159931, -0.21875, -0.2, 0.159931, 0, 1, 0, 0, 0.310667, 0.810667, 0.0106667, 0.510667, 
65, 0.79139, 0.0991405, 0.784283, -0.000312611, 0.881514, 0.366529, 0.784283, -0.000312611, 0.791346, 0.0988325, 0.756456, -0.0938541, 0.881368, 0.366244, 0.784283, -0.000625227, 0.0146643, -0.159929, 4.60878e-05, -0.159929, -0.0465461, -0.159937, -4.60878e-05, -0.159929, 5e-05, 0, 0.159931, 5e-05, 0, 0.159931, 0.2253, 0.2, 0.159931, 0.2253, -0.2, 0.159931, -0.2187, -0.2, 0.159931, 0.2253, 0.2, 0.159931, 0.2253, -0.2, 0.159931, -0.2187, -0.2, 0.159931, 0, 1, 0, 0, 0.310833, 0.810833, 0.0108333, 0.510833, 
66, 0.79139, 0.0991405, 0.784283, -0.000312611, 0.881514, 0.366529, 0.784283, -0.000312611, 0.791346, 0.0988325, 0.756456, -0.0938541, 0.881368, 0.366244, 0.784283, -0.000625227, 0.0146643, -0.159929, 4.60878e-05, -0.159929, -0.0465461, -0.159937, -4.60878e-05, -0.159929, 5e-05, 0, 0.159931, 5e-05, 0, 0.159931, 0.22535, 0.2, 0.159931, 0.22535, -0.2, 0.159931, -0.21865, -0.2, 0.159931, 0.22535, 0.2, 0.159931, 0.22535, -0.2, 0.159931, -0.21865, -0.2, 0.159931, 0, 1, 0, 0, 0.311, 0.811, 0.011, 0.511, 
67, 0.79139, 0.0991405, 0.784283, -0.000312611, 0.881514, 0.366529, 0.784283, -0.000312611, 0.791346, 0.0988325, 0.756456, -0.0938541, 0.881368, 0.366244, 0.784283, -0.000625227, 0.0146643, -0.159929, 4.60878e-05, -0.159929, -0.0465461, -0.159937, -4.60878e-05, -0.159929, 5e-05, 0, 0.159931, 5e-05, 0, 0.159931, 0.2254, 0.2, 0.159931, 0.2254, -0.2, 0.159931, -0.2186, -0.2, 0.159931, 0.2254, 0.2, 0.159931, 0.2254, -0.2, 0.159931, -0.2186, -0.2, 0.159931, 0, 1, 0, 0, 0.311167, 0.811167, 0.0111667, 0.511167, 
68, 0.79139, 0.0991405, 0.784283, -0.000312611, 0.881514, 0.366529, 0.784283, -0.000312611, 0.791346, 0.0988325, 0.756456, -0.0938541, 0.881368, 0.366244, 0.784283, -0.000625227, 0.0146643, -0.159929, 4.60878e-05, -0.159929, -0.0465461, -0.159937, -4.60878e-05, -0.159929, 5e-05, 0, 0.159931, 5e-05, 0, 0.159931, 0.22545, 0.2, 0.159931, 0.22545, -0.2, 0.159931, -0.21855, -0.2, 0.159931, 0.22545, 0.2, 0.159931, 0.22545, -0.2, 0.159931, -0.21855, -0.2, 0.159931, 0, 1, 0, 0, 0.311333, 0.811333, 0.0113333, 0.511333, 
69, 0.79139, 0.0991405, 0.784283, -0.000312611, 0.881514, 0.366529, 0.784283, -0.000312611, 0.791346, 0.0988325, 0.756456, -0.0938541, 0.881368, 0.366244, 0.784283, -0.000625227, 0.0146643, -0.159929, 4.60878e-05, -0.159929, -0.0465461, -0.159937, -4.60878e-05, -0.159929, 5e-05, 0, 0.159931, 5e-05, 0, 0.159931, 0.2255, 0.2, 0.159931, 0.2255, -0.2, 0.159931, -0.2185, -0.2, 0.159931, 0.2255, 0.2, 0.159931, 0.2255, -0.2, 0.159931, -0.2185, -0.2, 0.159931, 0, 1, 0, 0, 0.3115, 0.8115, 0.0115, 0.5115, 
70, 0.79139, 0.0991405, 0.784283, -0.000312611, 0.881514, 0.366529, 0.784283, -0.000312611, 0.791346, 0.0988325, 0.756456, -0.0938541, 0.881368, 0.366244, 0.784283, -0.000625227, 0.0146643, -0.159929, 4.60878e-05, -0.159929, -0.0465461, -0.159937, -4.60878e-05, -0.159929, 5e-05, 0, 0.159931, 5e-05, 0, 0.159931, 0.22555, 0.2, 0.159931, 0.22555, -0.2, 0.159931, -0.21845, -0.2, 0.159931, 0.22555, 0.2, 0.159931, 0.22555, -0.2, 0.159931, -0.21845, -0.2, 0.159931, 0, 1, 0, 0, 0.311667, 0.811667, 0.0116667, 0.511667, 
71, 0.79139, 0.0991405, 0.784283, -0.000312611, 0.881514, 0.366529, 0.784283, -0.000312611, 0.791346, 0.0988325, 0.756456, -0.0938541, 0.881368, 0.366244, 0.784283, -0.000625227, 0.0146643, -0.159929, 4.60878e-05, -0.159929, -0.0465461, -0.159937, -4.60878e-05, -0.159929, 5e-05, 0, 0.159931, 5e-05, 0, 0.159931, 0.2256, 0.2, 0.159931, 0.2256, -0.2, 0.159931, -0.2184, -0.2, 0.159931, 0.2256, 0.2, 0.159931, 0.2256, -0.2, 0.159931, -0.2184, -0.2, 0.159931, 0, 1, 0, 0, 0.311833, 0.811833, 0.0118333, 0.511833, 
72, 0.79139, 0.0991405, 0.784283, -0.000312611, 0.881514, 0.366529, 0.784283, -0.000312611, 0.791346, 0.0988325, 0.756456, -0.0938541, 0.881368, 0.366244, 0.784283, -0.000625227, 0.0146643, -0.159929, 4.60878e-05, -0.159929, -0.0465461, -0.159937, -4.60878e-05, -0.159929, 5e-05, 0, 0.159931, 5e-05, 0, 0.159931, 0.22565, 0.2, 0.159931, 0.22565, -0.2, 0.159931, -0.21835, -0.2, 0.159931, 0.22565, 0.2, 0.159931, 0.22565, -0.2, 0.159931, -0.21835, -0.2, 0.159931, 0, 1, 0, 0, 0.312, 0.812, 0.012, 0.512, 
73, 0.79139, 0.0991405, 0.784283, -0.000312611, 0.881514, 0.366529, 0.784283, -0.000312611, 0.791346, 0.0988325, 0.750627, -0.114967, 0.881368, 0.366244, 0.784283, -0.000625227, 0.0146643, -0.159929, 4.60878e-05, -0.159929, -0.0465461, -0.159937, -4.60878e-05, -0.159929, 5e-05, 0, 0.159931, 5e-05, 0, 0.159931, 0.2257, 0.2, 0.159931, 0.2257, -0.2, 0.159931, -0.2183, -0.2, 0.159931, 0.2257, 0.2, 0.159931, 0.2257, -0.2, 0.159931, -0.2183, -0.2, 0.159931, 0, 1, 0, 0, 0.312167, 0.812167, 0.0121667, 0.512167, 
74, 0.79139, 0.0991405, 0.784283, -0.000312611, 0.881514, 0.366529, 0.784283, -0.000312611, 0.791346, 0.0988325, 0.750627, -0.114967, 0.881368, 0.366244, 0.784283, -0.000625227, 0.0146643, -0.159929, 4.60878e-05, -0.159929, -0.0465461, -0.159937, -4.60878e-05, -0.159929, 5e-05, 0, 0.159931, 5e-05, 0, 0.159931, 0.22575, 0.2, 0.159931, 0.22575, -0.2, 0.159931, -0.21825, -0.2, 0.159931, 0.22575, 0.2, 0.159931, 0.22575, -0.2, 0.159931, -0.21825, -0.2, 0.159931, 0, 1, 0, 0, 0.312333, 0.812333, 0.0123333, 0.512333, 
75, 0.79139, 0.0991405, 0.784283, -0.000312611, 0.881514, 0.366529, 0.784283, -0.000312611, 0.791346, 0.0988325, 0.750627, -0.114967, 0.881368, 0.366244, 0.784283, -0.000625227, 0.0146643, -0.159929, 4.60878e-05, -0.159929, -0.0465461, -0.159937, -4.60878e-05, -0.159929, 5e-05, 0, 0.159931, 5e-05, 0, 0.159931, 0.2258, 0.2, 0.159931, 0.2258, -0.2, 0.159931, -0.2182, -0.2, 0.159931, 0.2258, 0.2, 0.159931, 0.2258, -0.2, 0.159931, -0.2182, -0.2, 0.159931, 0, 1, 0, 0, 0.3125, 0.8125, 0.0125, 0.5125, 
76, 0.79139, 0.0991405, 0.784283, -0.000312611, 0.881514, 0.366529, 0.784283, -0.000312611, 0.791346, 0.0988325, 0.750627, -0.114967, 0.881368, 0.366244, 0.784283, -0.000625227, 0.0146643, -0.159929, 4.60878e-05, -0.159929, -0.0465461, -0.159937, -4.60878e-05, -0.159929, 5e-05, 0, 0.159931, 5e-05, 0, 0.159931, 0.22585, 0.2, 0.159931, 0.22585, -0.2, 0.159931, -0.21815, -0.2, 0.159931, 0.22585, 0.2, 0.159931, 0.22585, -0.2, 0.159931, -0.21815, -0.2, 0.159931, 0, 1, 0, 0, 0.312667, 0.812667, 0.0126667, 0.512667, 
77, 0.79139, 0.0991405, 0.784283, -0.000312611, 0.881514, 0.366529, 0.784283, -0.000312611, 0.791346, 0.0988325, 0.750627, -0.114967, 0.881368, 0.366244, 0.784283, -0.000625227, 0.0146643, -0.159929, 4.60878e-05, -0.159929, -0.0465461, -0.159937, -4.60878e-05, -0.159929, 5e-05, 0, 0.159931, 5e-05, 0, 0.159931, 0.2259, 0.2, 0.159931, 0.2259, -0.2, 0.159931, -0.2181, -0.2, 0.159931, 0.2259, 0.2, 0.159931, 0.2259, -0.2, 0.159931, -0.2181, -0.2, 0.159931, 0, 1, 0, 0, 0.312833, 0.812833, 0.0128333, 0.512833, 
78, 0.79139, 0.0991405, 0.784283, -0.000312611, 0.881514, 0.366529, 0.784283, -0.000312611, 0.791346, 0.0988325, 0.750627, -0.114967, 0.881368, 0.366244, 0.784283, -0.000625227, 0.0146643, -0.159929, 4.60878e-05, -0.159929, -0.0465461, -0.159937, -4.60878e-05, -0.159929, 5e-05, 0, 0.159931, 5e-05, 0, 0.159931, 0.22595, 0.2, 0.159931, 0.22595, -0.2, 0.159931, -0.21805, -0.2, 0.159931, 0.22595, 0.2, 0.159931, 0.22595, -0.2, 0.159931, -0.21805, -0.2, 0.159931, 0, 1, 0, 0, 0.313, 0.813, 0.013, 0.513, 
79, 0.79139, 0.0991405, 0.784283, -0.000312611, 0.881514, 0.366529, 0.784283, -0.000312611, 0.791346, 0.0988325, 0.750627, -0.114967, 0.881368, 0.366244, 0.784283, -0.000625227, 0.0146643, -0.159929, 4.60878e-05, -0.159929, -0.0465461, -0.159937, -4.60878e-05, -0.159929, 5e-05, 0, 0.159931, 5e-05, 0, 0.159931, 0.226, 0.2, 0.159931, 0.226, -0.2, 0.159931, -0.218, -0.2, 0.159931, 0.226, 0.2, 0.159931, 0.226, -0.2, 0.159931, -0.218, -0.2, 0.159931, 0, 1, 0, 0, 0.313167, 0.813167, 0.0131667, 0.513167, 
80, 0.79139, 0.0991405, 0.784283, -0.000312611, 0.881514, 0.366529, 0.784283, -0.000312611, 0.791346, 0.0988325, 0.750627, -0.114967, 0.881368, 0.366244, 0.784283, -0.000625227, 0.0146643, -0.159929, 4.60878e-05, -0.159929, -0.0465461, -0.159937, -4.60878e-05, -0.159929, 5e-05, 0, 0.159931, 5e-05, 0, 0.159931, 0.22605, 0.2, 0.159931, 0.22605, -0.2, 0.159931, -0.21795, -0.2, 0.159931, 0.22605, 0.2, 0.159931, 0.22605, -0.2, 0.159931, -0.21795, -0.2, 0.159931, 0, 1, 0, 0, 0.313333, 0.813333, 0.0133333, 0.513333, 
81, 0.79139, 0.0991405, 0.784283, -0.000312611, 0.881514, 0.366529, 0.784283, -0.000312611, 0.791346, 0.0988325, 0.750627, -0.114967, 0.881368, 0.366244, 0.784283, -0.000625227, 0.0146643, -0.159929, 4.60878e-05, -0.159929, -0.0465461, -0.159937, -4.60878e-05, -0.159929, 5e-05, 0, 0.159931, 5e-05, 0, 0.159931, 0.2261, 0.2, 0.159931, 0.2261, -0.2, 0.159931, -0.2179, -0.2, 0.159931, 0.2261, 0.2, 0.159931, 0.2261, -0.2, 0.159931, -0.2179, -0.2, 0.159931, 0, 1, 0, 0, 0.3135, 0.8135, 0.0135, 0.5135, 
82, 0.79139, 0.0991405, 0.784283, -0.000312611, 0.881514, 0.366529, 0.784283, -0.000312611, 0.791346, 0.0988325, 0.750627, -0.114967, 0.881368, 0.366244, 0.784283, -0.000625227, 0.0146643, -0.159929, 4.60878e-05, -0.159929, -0.0465461, -0.159937, -4.60878e-05, -0.159929, 5e-05, 0, 0.159931, 5e-05, 0, 0.159931, 0.22615, 0.2, 0.159931, 0.22615, -0.2, 0.159931, -0.21785, -0.2, 0.159931, 0.22615, 0.2, 0.159931, 0.22615, -0.2, 0.159931, -0.21785, -0.2, 0.159931, 0, 1, 0, 0, 0.313667, 0.813667, 0.0136667, 0.513667, 
83, 0.79139, 0.0991405, 0.784283, -0.000312611, 0.881514, 0.366529, 0.784283, -0.000312611, 0.791346, 0.0988325, 0.750627, -0.114967, 0.881368, 0.366244, 0.784283, -0.000625227, 0.0146643, -0.159929, 4.60878e-05, -0.159929, -0.0465461, -0.159937, -4.60878e-05, -0.159929, 5e-05, 0, 0.159931, 5e-05, 0, 0.159931, 0.2262, 0.2, 0.159931, 0.2262, -0.2, 0.159931, -0.2178, -0.2, 0.159931, 0.2262, 0.2, 0.159931, 0.2262, -0.2, 0.159931, -0.2178, -0.2, 0.159931, 0, 1, 0, 0, 0.313833, 0.813833, 0.0138333, 0.513833, 
84, 0.79139, 0.0991405, 0.784283, -0.000312611, 0.881514, 0.366529, 0.784283, -0.000312611, 0.791346, 0.0988325, 0.750627, -0.114967, 0.881368, 0.366244, 0.784283, -0.000625227, 0.0146643, -0.159929, 4.60878e-05, -0.159929, -0.0465461, -0.159937, -4.60878e-05, -0.159929, 5e-05, 0, 0.159931, 5e-05, 0, 0.159931, 0.22625, 0.2, 0.159931, 0.22625, -0.2, 0.159931, -0.21775, -0.2, 0.159931, 0.22625, 0.2, 0.159931, 0.22625, -0.2, 0.159931, -0.21775, -0.2, 0.159931, 0, 1, 0, 0, 0.314, 0.814, 0.014, 0.514, 
85, 0.79139, 0.0991405, 0.784283, -0.000312611, 0.881514, 0.366529, 0.784283, -0.000312611, 0.791346, 0.0988325, 0.744709, -0.137311, 0.881368, 0.366244, 0.784283, -0.000625227, 0.0146643, -0.159929, 4.60878e-05, -0.159929, -0.0465461, -0.159937, -4.60878e-05, -0.159929, 5e-05, 0, 0.159931, 5e-05, 0, 0.159931, 0.2263, 0.2, 0.159931, 0.2263, -0.2, 0.159931, -0.2177, -0.2, 0.159931, 0.2263, 0.2, 0.159931, 0.2263, -0.2, 0.159931, -0.2177, -0.2, 0.159931, 0, 1, 0, 0, 0.314167, 0.814167, 0.0141667, 0.514167, 
86, 0.79139, 0.0991405, 0.784283, -0.000312611, 0.881514, 0.366529, 0.784283, -0.000312611, 0.791346, 0.0988325, 0.744709, -0.137311, 0.881368, 0.366244, 0.784283, -0.000625227, 0.0146643, -0.159929, 4.60878e-05, -0.159929, -0.0465461, -0.159937, -4.60878e-05, -0.159929, 5e-05, 0, 0.159931, 5e-05, 0, 0.159931, 0.22635, 0.2, 0.159931, 0.22635, -0.2, 0.159931, -0.21765, -0.2, 0.159931, 0.22635, 0.2, 0.159931, 0.22635, -0.2, 0.159931, -0.21765, -0.2, 0.159931, 0, 1, 0, 0, 0.314333, 0.814333, 0.0143333, 0.514333, 
87, 0.79139, 0.0991405, 0.784283, -0.000312611, 0.881514, 0.366529, 0.784283, -0.000312611, 0.791346, 0.0988325, 0.744709, -0.137311, 0.881368, 0.366244, 0.784283, -0.000625227, 0.0146643, -0.159929, 4.60878e-05, -0.159929, -0.0465461, -0.159937, -4.60878e-05, -0.159929, 5e-05, 0, 0.159931, 5e-05, 0, 0.159931, 0.2264, 0.2, 0.159931, 0.2264, -0.2, 0.159931, -0.2176, -0.2, 0.159931, 0.2264, 0.2, 0.159931, 0.2264, -0.2, 0.159931, -0.2176, -0.2, 0.159931, 0, 1, 0, 0, 0.3145, 0.8145, 0.0145, 0.5145, 
88, 0.79139, 0.0991405, 0.784283, -0.000312611, 0.881514, 0.366529, 0.784283, -0.000312611, 0.791346, 0.0988325, 0.744709, -0.137311, 0.881368, 0.366244, 0.784283, -0.000625227, 0.0146643, -0.159929, 4.60878e-05, -0.159929, -0.0465461, -0.159937, -4.60878e-05, -0.159929, 5e-05, 0, 0.159931, 5e-05, 0, 0.159931, 0.22645, 0.2, 0.159931, 0.22645, -0.2, 0.159931, -0.21755, -0.2, 0.159931, 0.22645, 0.2, 0.159931, 0.22645, -0.2, 0.159931, -0.21755, -0.2, 0.159931, 0, 1, 0, 0, 0.314667, 0.814667, 0.0146667, 0.514667, 
89, 0.79139, 0.0991405, 0.784283, -0.000312611, 0.881514, 0.366529, 0.784283, -0.000312611, 0.791346, 0.0988325, 0.744709, -0.137311, 0.881368, 0.366244, 0.784283, -0.000625227, 0.0146643, -0.159929, 4.60878e-05, -0.159929, -0.0465461, -0.159937, -4.60878e-05, -0.159929, 5e-05, 0, 0.159931, 5e-05, 0, 0.159931, 0.2265, 0.2, 0.159931, 0.2265, -0.2, 0.159931, -0.2175, -0.2, 0.159931, 0.2265, 0.2, 0.159931, 0.2265, -0.2, 0.159931, -0.2175, -0.2, 0.159931, 0, 1, 0, 0, 0.314833, 0.814833, 0.0148333, 0.514833, 
90, 0.79139, 0.0991405, 0.784283, -0.000312611, 0.881514, 0.366529, 0.784283, -0.000312611, 0.791346, 0.0988325, 0.744709, -0.137311, 0.881368, 0.366244, 0.784283, -0.000625227, 0.0146643, -0.159929, 4.60878e-05, -0.159929, -0.0465461, -0.159937, -4.60878e-05, -0.159929, 5e-05, 0, 0.159931, 5e-05, 0, 0.159931, 0.22655, 0.2, 0.159931, 0.22655, -0.2, 0.159931, -0.21745, -0.2, 0.159931, 0.22655, 0.2, 0.159931, 0.22655, -0.2, 0.159931, -0.21745, -0.2, 0.159931, 0, 1, 0, 0, 0.315, 0.815, 0.015, 0.515, 
91, 0.79139, 0.0991405, 0.784283, -0.000312611, 0.881514, 0.366529, 0.784283, -0.000312611, 0.791346, 0.0988325, 0.744709, -0.137311, 0.881368, 0.366244, 0.784283, -0.000625227, 0.0146643, -0.159929, 4.60878e-05, -0.159929, -0.0465461, -0.159937, -4.60878e-05, -0.159929, 5e-05, 0, 0.159931, 5e-05, 0, 0.159931, 0.2266, 0.2, 0.159931, 0.2266, -0.2, 0.159931, -0.2174, -0.2, 0.159931, 0.2266, 0.2, 0.159931, 0.2266, -0.2, 0.159931, -0.2174, -0.2, 0.159931, 0, 1, 0, 0, 0.315167, 0.815167, 0.0151667, 0.515167, 
92, 0.79139, 0.0991405, 0.784283, -0.000312611, 0.881514, 0.366529, 0.784283, -0.000312611, 0.791346, 0.0988325, 0.744709, -0.137311, 0.881368, 0.366244, 0.784283, -0.000625227, 0.0146643, -0.159929, 4.60878e-05, -0.159929, -0.0465461, -0.159937, -4.60878e-05, -0.159929, 5e-05, 0, 0.159931, 5e-05, 0, 0.159931, 0.22665, 0.2, 0.159931, 0.22665, -0.2, 0.159931, -0.21735, -0.2, 0.159931, 0.22665, 0.2, 0.159931, 0.22665, -0.2, 0.159931, -0.21735, -0.2, 0.159931, 0, 1, 0, 0, 0.315333, 0.815333, 0.0153333, 0.515333, 
93, 0.79139, 0.0991405, 0.784283, -0.000312611, 0.881514, 0.366529, 0.784283, -0.000312611, 0.791346, 0.0988325, 0.744709, -0.137311, 0.881368, 0.366244, 0.784283, -0.000625227, 0.0146643, -0.159929, 4.60878e-05, -0.159929, -0.0465461, -0.159937, -4.60878e-05, -0.159929, 5e-05, 0, 0.159931, 5e-05, 0, 0.159931, 0.2267, 0.2, 0.159931, 0.2267, -0.2, 0.159931, -0.2173, -0.2, 0.159931, 0.2267, 0.2, 0.159931, 0.2267, -0.2, 0.159931, -0.2173, -0.2, 0.159931, 0, 1, 0, 0, 0.3155, 0.8155, 0.0155, 0.5155, 
94, 0.79139, 0.0991405, 0.784283, -0.000312611, 0.881514, 0.366529, 0.784283, -0.000312611, 0.791346, 0.0988325, 0.744709, -0.137311, 0.881368, 0.366244, 0.784283, -0.000625227, 0.0146643, -0.159929, 4.60878e-05, -0.159929, -0.0465461, -0.159937, -4.60878e-05, -0.159929, 5e-05, 0, 0.159931, 5e-05, 0, 0.159931, 0.22675, 0.2, 0.159931, 0.22675, -0.2, 0.159931, -0.21725, -0.2, 0.159931, 0.22675, 0.2, 0.159931, 0.22675, -0.2, 0.159931, -0.21725, -0.2, 0.159931, 0, 1, 0, 0, 0.315667, 0.815667, 0.0156667, 0.515667, 
95, 0.79139, 0.0991405, 0.784283, -0.000312611, 0.881514, 0.366529, 0.784283, -0.000312611, 0.791346, 0.0988325, 0.744709, -0.137311, 0.881368, 0.366244, 0.784283, -0.000625227, 0.0146643, -0.159929, 4.60878e-05, -0.159929, -0.0465461, -0.159937, -4.60878e-05, -0.159929, 5e-05, 0, 0.159931, 5e-05, 0, 0.159931, 0.2268, 0.2, 0.159931, 0.2268, -0.2, 0.159931, -0.2172, -0.2, 0.159931, 0.2268, 0.2, 0.159931, 0.2268, -0.2, 0.159931, -0.2172, -0.2, 0.159931, 0, 1, 0, 0, 0.315833, 0.815833, 0.0158333, 0.515833, 
96, 0.79139, 0.0991405, 0.784283, -0.000312611, 0.881514, 0.366529, 0.784283, -0.000312611, 0.791346, 0.0988325, 0.744709, -0.137311, 0.881368, 0.366244, 0.784283, -0.000625227, 0.0146643, -0.159929, 4.60878e-05, -0.159929, -0.0465461, -0.159937, -4.60878e-05, -0.159929, 5e-05, 0, 0.159931, 5e-05, 0, 0.159931, 0.22685, 0.2, 0.159931, 0.22685, -0.2, 0.159931, -0.21715, -0.2, 0.159931, 0.22685, 0.2, 0.159931, 0.22685, -0.2, 0.159931, -0.21715, -0.2, 0.159931, 0, 1, 0, 0, 0.316, 0.816, 0.016, 0.516, 
97, 0.79139, 0.0991405, 0.784283, -0.000312611, 0.881514, 0.366529, 0.784283, -0.000312611, 0.791346, 0.0988325, 0.738703, -0.161046, 0.881368, 0.366244, 0.784283, -0.000625227, 0.0146643, -0.159929, 4.60878e-05, -0.159929, -0.0465461, -0.159937, -4.60878e-05, -0.159929, 5e-05, 0, 0.159931, 5e-05, 0, 0.159931, 0.2269, 0.2, 0.159931, 0.2269, -0.2, 0.159931, -0.2171, -0.2, 0.159931, 0.2269, 0.2, 0.159931, 0.2269, -0.2, 0.159931, -0.2171, -0.2, 0.159931, 0, 1, 0, 0, 0.316167, 0.816167, 0.0161667, 0.516167, 
98, 0.79139, 0.0991405, 0.784283, -0.000312611, 0.881514, 0.366529, 0.784283, -0.000312611, 0.791346, 0.0988325, 0.738703, -0.161046, 0.881368, 0.366244, 0.784283, -0.000625227, 0.0146643, -0.159929, 4.60878e-05, -0.159929, -0.0465461, -0.159937, -4.60878e-05, -0.159929, 5e-05, 0, 0.159931, 5e-05, 0, 0.159931, 0.22695, 0.2, 0.159931, 0.22695, -0.2, 0.159931, -0.21705, -0.2, 0.159931, 0.22695, 0.2, 0.159931, 0.22695, -0.2, 0.159931, -0.21705, -0.2, 0.159931, 0, 1, 0, 0, 0.316333, 0.816333, 0.0163333, 0.516333, 
99, 0.79139, 0.0991405, 0.784283, -0.000312611, 0.881514, 0.366529, 0.784283, -0.000312611, 0.791346, 0.0988325, 0.738703, -0.161046, 0.881368, 0.366244, 0.784283, -0.000625227, 0.0146643, -0.159929, 4.60878e-05, -0.159929, -0.0465461, -0.159937, -4.60878e-05, -0.159929, 5e-05, 0, 0.159931, 5e-05, 0, 0.159931, 0.227, 0.2, 0.159931, 0.227, -0.2, 0.159931, -0.217, -0.2, 0.159931, 0.227, 0.2, 0.159931, 0.227, -0.2, 0.159931, -0.217, -0.2, 0.159931, 0, 1, 0, 0, 0.3165, 0.8165, 0.0165, 0.5165, 
100, 0.79139, 0.0991405, 0.784283, -0.000312611, 0.881514, 0.366529, 0.784283, -0.000312611, 0.791346, 0.0988325, 0.738703, -0.161046, 0.881368, 0.366244, 0.784283, -0.000625227, 0.0146643, -0.159929, 4.60878e-05, -0.159929, -0.0465461, -0.159937, -4.60878e-05, -0.159929, 5e-05, 0, 0.159931, 5e-05, 0, 0.159931, 0.22705, 0.2, 0.159931, 0.22705, -0.2, 0.159931, -0.21695, -0.2, 0.159931, 0.22705, 0.2, 0.159931, 0.22705, -0.2, 0.159931, -0.21695, -0.2, 0.159931, 0, 1, 0, 0, 0.316667, 0.816667, 0.0166667, 0.516667, 
